,n_ensemble,weights,dataset,accuracy_mean_easy,accuracy_mean_hard,accuracy_mean_combo,accuracy_mean_combo_extreme,accuracy_mean_split2,accuracy_mean_split2_extreme,accuracy_mean_split1_classic,accuracy_mean_split1_classic_extreme,accuracy_mean_split4,accuracy_mean_split4_extreme,accuracy_mean_split2_classic,accuracy_mean_split2_classic_extreme,accuracy_mean_split9,accuracy_mean_split9_extreme,accuracy_mean_split4_classic,accuracy_mean_split4_classic_extreme
419,average,N1,bupa,1,0,1,1,1,1,1,1,1,1,1,1,1,0,1,1
399,9,N1,bupa,0,0,0,0,0,0,0,0,0,0,0,0,1,0,0,0
400,19,N1,bupa,1,1,1,1,1,1,1,1,1,1,1,1,1,1,1,1
401,29,N1,bupa,1,1,1,1,1,1,1,1,1,1,1,1,1,0,1,1
402,39,N1,bupa,1,0,1,1,1,1,1,1,1,1,1,1,1,1,1,1
403,49,N1,bupa,1,0,1,1,1,1,1,1,1,1,1,1,1,1,1,1
404,59,N1,bupa,1,0,1,1,1,1,1,1,1,1,1,1,1,0,1,1
405,69,N1,bupa,1,0,1,1,1,1,1,1,1,1,1,1,1,1,1,1
406,79,N1,bupa,1,0,1,1,1,1,1,1,1,0,1,1,1,0,1,1
407,89,N1,bupa,1,0,1,1,1,1,1,1,1,1,1,1,1,1,1,1
408,99,N1,bupa,1,0,1,1,1,1,1,1,1,1,1,1,1,1,1,1
409,109,N1,bupa,1,0,1,1,1,1,1,1,1,1,1,1,1,0,1,1
410,119,N1,bupa,1,0,1,1,1,1,1,1,1,1,1,1,1,1,1,1
411,129,N1,bupa,1,0,1,0,1,1,1,1,1,1,1,0,1,0,1,1
412,139,N1,bupa,1,0,1,0,1,1,1,1,1,1,1,1,1,0,1,1
413,149,N1,bupa,1,0,1,0,1,0,1,1,0,1,1,0,1,0,1,1
414,159,N1,bupa,1,0,1,1,1,0,1,1,0,1,1,1,1,0,1,1
415,169,N1,bupa,1,0,1,1,1,0,1,1,0,1,1,1,1,0,1,1
416,179,N1,bupa,1,0,1,1,1,0,1,1,1,1,1,1,1,0,1,1
417,189,N1,bupa,1,0,1,1,1,0,1,1,1,1,1,1,1,0,1,1
418,199,N1,bupa,1,0,1,1,1,0,1,0,1,1,1,1,1,0,1,0
566,average,N1,hill_valley_without_noise_traintest,0,1,0,0,1,1,0,0,1,1,1,1,1,1,0,1
546,9,N1,hill_valley_without_noise_traintest,0,1,1,0,1,1,1,0,1,1,1,0,1,1,1,1
547,19,N1,hill_valley_without_noise_traintest,0,1,1,0,1,1,1,0,1,1,1,0,1,1,1,1
548,29,N1,hill_valley_without_noise_traintest,0,1,1,0,1,1,0,0,1,0,0,1,1,1,0,1
549,39,N1,hill_valley_without_noise_traintest,0,1,1,0,1,0,0,0,0,0,0,1,1,1,0,1
550,49,N1,hill_valley_without_noise_traintest,0,1,1,0,1,1,1,0,1,1,1,1,1,1,1,1
551,59,N1,hill_valley_without_noise_traintest,0,1,1,0,1,1,1,1,1,1,1,1,1,1,0,1
552,69,N1,hill_valley_without_noise_traintest,0,1,1,0,1,1,1,0,1,1,0,1,1,1,1,1
553,79,N1,hill_valley_without_noise_traintest,0,1,0,0,1,0,0,0,1,1,0,1,0,1,0,1
554,89,N1,hill_valley_without_noise_traintest,0,1,0,0,1,1,0,0,1,1,0,1,0,0,0,0
555,99,N1,hill_valley_without_noise_traintest,0,1,0,0,1,1,0,0,1,1,1,1,0,1,0,1
556,109,N1,hill_valley_without_noise_traintest,0,1,0,0,1,1,1,0,1,1,1,1,1,1,0,1
557,119,N1,hill_valley_without_noise_traintest,0,1,0,0,1,1,0,0,1,1,1,1,0,1,0,1
558,129,N1,hill_valley_without_noise_traintest,0,1,0,0,0,0,0,0,0,0,0,1,0,1,0,0
559,139,N1,hill_valley_without_noise_traintest,0,1,0,0,0,1,1,0,1,1,1,1,1,1,0,1
560,149,N1,hill_valley_without_noise_traintest,0,1,0,0,1,1,0,0,1,1,1,1,1,1,1,1
561,159,N1,hill_valley_without_noise_traintest,0,1,0,0,1,1,0,0,1,1,1,1,0,1,0,1
562,169,N1,hill_valley_without_noise_traintest,0,1,0,0,1,0,0,0,1,1,1,1,0,1,0,1
563,179,N1,hill_valley_without_noise_traintest,0,1,0,0,0,0,0,0,1,1,1,1,0,1,0,0
564,189,N1,hill_valley_without_noise_traintest,0,1,0,0,0,0,0,0,1,1,1,1,0,1,0,1
565,199,N1,hill_valley_without_noise_traintest,0,1,0,0,1,1,1,0,1,1,1,1,0,1,0,1
482,average,N1,contraceptive_NS,0,0,0,0,0,0,1,0,0,0,0,1,0,0,0,0
462,9,N1,contraceptive_NS,1,0,0,0,0,0,1,0,0,0,0,0,0,1,0,0
463,19,N1,contraceptive_NS,0,0,0,0,0,0,0,0,0,0,0,0,0,0,0,0
464,29,N1,contraceptive_NS,0,0,1,1,1,1,1,0,1,1,0,1,1,0,0,0
465,39,N1,contraceptive_NS,0,0,0,0,0,0,1,0,0,0,0,0,0,0,0,0
466,49,N1,contraceptive_NS,1,0,0,0,1,1,1,0,1,1,0,1,1,0,0,0
467,59,N1,contraceptive_NS,1,0,0,0,0,1,1,0,0,0,0,1,0,1,1,0
468,69,N1,contraceptive_NS,1,0,0,0,1,1,1,0,1,0,0,1,1,0,1,1
469,79,N1,contraceptive_NS,1,0,0,0,0,0,1,0,0,0,0,1,0,0,0,0
470,89,N1,contraceptive_NS,1,0,0,0,0,0,0,0,0,0,0,1,0,1,0,1
471,99,N1,contraceptive_NS,0,0,0,0,0,0,0,0,0,0,0,0,0,0,0,0
472,109,N1,contraceptive_NS,0,0,0,0,0,0,0,0,0,0,0,0,0,0,0,0
473,119,N1,contraceptive_NS,0,0,0,0,0,0,0,0,0,0,0,1,0,1,0,0
474,129,N1,contraceptive_NS,0,0,0,0,0,0,0,0,0,0,0,0,0,0,0,0
475,139,N1,contraceptive_NS,0,0,0,0,0,0,0,0,1,1,0,1,0,1,0,0
476,149,N1,contraceptive_NS,0,0,0,0,0,0,0,0,1,0,0,0,0,1,1,0
477,159,N1,contraceptive_NS,0,0,0,0,0,0,0,0,0,0,0,1,0,1,1,0
478,169,N1,contraceptive_NS,0,0,0,0,1,0,1,0,0,0,0,1,1,1,1,0
479,179,N1,contraceptive_NS,1,0,0,0,1,0,1,0,1,1,1,1,1,1,1,1
480,189,N1,contraceptive_NS,1,0,1,0,1,0,1,0,0,1,0,1,1,1,1,1
481,199,N1,contraceptive_NS,1,0,1,1,1,1,1,1,0,1,0,1,1,1,1,1
776,average,N1,teaching_assistant_LM,1,0,0,1,1,1,1,1,1,1,1,1,1,1,1,1
756,9,N1,teaching_assistant_LM,1,0,0,0,1,1,0,0,0,0,0,0,0,1,0,0
757,19,N1,teaching_assistant_LM,1,0,1,0,1,1,1,1,1,1,1,0,0,1,1,0
758,29,N1,teaching_assistant_LM,1,0,1,1,1,1,1,1,1,1,1,1,1,1,1,1
759,39,N1,teaching_assistant_LM,1,0,0,1,1,1,1,0,0,1,0,1,1,1,1,1
760,49,N1,teaching_assistant_LM,1,0,0,1,1,1,1,1,0,1,0,1,1,1,1,1
761,59,N1,teaching_assistant_LM,1,0,0,1,1,0,1,1,0,1,0,1,1,1,0,0
762,69,N1,teaching_assistant_LM,1,0,0,1,1,0,1,1,1,1,1,1,0,1,0,0
763,79,N1,teaching_assistant_LM,1,0,0,1,1,1,1,0,1,1,0,1,0,1,0,1
764,89,N1,teaching_assistant_LM,1,0,0,1,1,1,1,0,0,1,0,1,0,1,0,0
765,99,N1,teaching_assistant_LM,1,0,0,1,1,1,1,1,1,1,1,1,1,1,1,1
766,109,N1,teaching_assistant_LM,1,0,0,1,1,1,1,0,0,1,1,1,0,1,1,1
767,119,N1,teaching_assistant_LM,1,0,1,1,1,1,1,1,1,1,1,1,1,1,1,1
768,129,N1,teaching_assistant_LM,1,0,1,1,1,1,1,1,1,1,1,1,1,1,1,1
769,139,N1,teaching_assistant_LM,1,0,1,1,1,1,1,1,1,1,1,1,1,1,1,1
770,149,N1,teaching_assistant_LM,1,0,1,1,1,1,1,1,1,1,1,1,1,1,1,1
771,159,N1,teaching_assistant_LM,1,0,1,1,1,1,1,1,1,1,1,1,1,1,1,1
772,169,N1,teaching_assistant_LM,1,0,1,1,1,1,1,1,1,1,1,1,1,1,1,1
773,179,N1,teaching_assistant_LM,1,0,1,0,1,1,1,1,1,1,1,1,1,1,1,1
774,189,N1,teaching_assistant_LM,1,0,1,1,1,1,1,1,1,1,1,1,1,1,1,1
775,199,N1,teaching_assistant_LM,1,0,1,1,1,1,1,1,1,1,1,1,1,1,1,1
440,average,N1,contraceptive_LS,1,0,1,1,1,1,1,1,1,1,1,1,0,1,1,1
420,9,N1,contraceptive_LS,1,0,1,1,1,1,1,1,1,0,1,0,0,0,0,1
421,19,N1,contraceptive_LS,0,0,1,1,0,1,1,1,0,0,1,0,0,1,0,1
422,29,N1,contraceptive_LS,1,0,0,1,0,1,0,1,0,0,0,0,0,0,0,1
423,39,N1,contraceptive_LS,1,0,0,1,0,0,0,1,0,0,0,0,0,0,0,0
424,49,N1,contraceptive_LS,1,0,0,1,0,1,0,1,0,0,0,0,1,1,0,1
425,59,N1,contraceptive_LS,1,0,1,1,1,1,0,1,0,1,0,0,0,1,1,1
426,69,N1,contraceptive_LS,1,0,0,1,1,1,1,1,0,0,0,0,1,1,0,1
427,79,N1,contraceptive_LS,1,0,1,1,1,1,1,1,0,1,1,1,1,1,1,1
428,89,N1,contraceptive_LS,1,0,0,1,1,1,1,1,0,1,0,0,0,1,0,1
429,99,N1,contraceptive_LS,1,0,1,1,1,1,0,1,1,0,0,1,1,1,0,1
430,109,N1,contraceptive_LS,1,0,1,1,1,1,1,1,1,1,1,1,0,1,0,1
431,119,N1,contraceptive_LS,1,0,1,1,1,1,1,1,1,1,1,1,0,1,1,1
432,129,N1,contraceptive_LS,1,0,1,1,1,1,1,1,1,1,1,1,0,1,1,1
433,139,N1,contraceptive_LS,1,0,1,1,1,1,1,1,1,1,1,1,1,1,1,1
434,149,N1,contraceptive_LS,1,0,1,1,1,1,1,1,1,1,1,1,1,1,1,1
435,159,N1,contraceptive_LS,1,0,1,1,1,1,1,1,1,1,1,1,1,1,1,1
436,169,N1,contraceptive_LS,1,0,1,1,1,1,1,1,1,1,1,1,1,1,1,1
437,179,N1,contraceptive_LS,1,0,1,1,1,1,1,1,1,1,1,1,1,1,1,1
438,189,N1,contraceptive_LS,1,0,1,1,1,1,1,1,1,1,1,1,1,1,1,1
439,199,N1,contraceptive_LS,1,0,1,1,1,1,1,1,1,1,0,1,1,1,1,1
545,average,N1,diabetic_retinopathy,1,0,1,1,1,1,1,1,1,0,1,1,1,1,1,1
525,9,N1,diabetic_retinopathy,1,0,0,1,1,1,1,1,0,1,1,0,0,0,1,1
526,19,N1,diabetic_retinopathy,1,0,1,1,1,1,1,1,1,1,1,1,0,0,1,0
527,29,N1,diabetic_retinopathy,0,0,1,1,0,0,0,0,0,0,0,0,0,0,0,0
528,39,N1,diabetic_retinopathy,1,0,1,1,1,1,1,1,1,1,1,1,1,0,1,1
529,49,N1,diabetic_retinopathy,1,0,1,0,1,1,1,0,0,0,1,1,0,0,1,1
530,59,N1,diabetic_retinopathy,1,0,1,0,1,1,1,0,0,0,0,0,0,1,0,0
531,69,N1,diabetic_retinopathy,1,0,1,0,1,1,1,1,0,0,0,0,1,1,1,0
532,79,N1,diabetic_retinopathy,1,0,1,1,1,1,1,1,1,1,1,1,1,1,1,0
533,89,N1,diabetic_retinopathy,1,0,1,1,1,1,1,1,1,1,1,1,1,1,1,1
534,99,N1,diabetic_retinopathy,1,0,1,1,1,1,1,1,1,1,1,1,1,1,1,1
535,109,N1,diabetic_retinopathy,1,0,1,1,1,1,1,1,1,0,1,1,1,1,1,1
536,119,N1,diabetic_retinopathy,1,0,1,0,1,1,1,1,1,1,1,1,1,1,1,1
537,129,N1,diabetic_retinopathy,1,0,1,1,1,1,1,1,1,1,1,1,1,1,1,1
538,139,N1,diabetic_retinopathy,1,0,1,1,1,1,1,1,1,0,1,1,1,1,1,1
539,149,N1,diabetic_retinopathy,1,0,1,1,1,1,1,1,1,0,1,1,1,1,1,1
540,159,N1,diabetic_retinopathy,1,0,1,1,1,1,1,1,1,1,1,1,1,1,1,1
541,169,N1,diabetic_retinopathy,1,0,1,1,1,1,1,1,1,0,1,1,1,1,1,1
542,179,N1,diabetic_retinopathy,1,0,1,1,1,1,1,1,1,0,1,1,1,1,1,1
543,189,N1,diabetic_retinopathy,1,0,1,1,1,1,1,1,1,1,1,1,1,1,1,1
544,199,N1,diabetic_retinopathy,1,0,1,1,1,1,1,1,1,1,1,1,1,1,1,1
314,average,N1,Yeast_CYTvsNUC,0,0,0,0,0,0,1,0,0,0,0,0,0,0,1,1
294,9,N1,Yeast_CYTvsNUC,1,1,1,1,1,1,1,1,1,1,1,1,1,1,1,1
295,19,N1,Yeast_CYTvsNUC,1,0,1,0,1,0,1,0,1,0,1,0,1,1,1,1
296,29,N1,Yeast_CYTvsNUC,0,0,0,0,0,0,0,1,0,0,1,1,0,0,1,1
297,39,N1,Yeast_CYTvsNUC,0,0,0,1,1,1,1,1,1,0,1,0,1,1,1,1
298,49,N1,Yeast_CYTvsNUC,0,0,0,0,1,0,1,0,0,0,0,0,0,0,1,1
299,59,N1,Yeast_CYTvsNUC,0,0,0,0,0,0,1,0,0,0,0,0,0,0,1,1
300,69,N1,Yeast_CYTvsNUC,0,0,0,0,0,0,0,0,0,0,0,0,0,0,1,0
301,79,N1,Yeast_CYTvsNUC,0,0,0,0,0,0,1,0,0,0,0,0,0,0,0,0
302,89,N1,Yeast_CYTvsNUC,0,0,1,0,0,0,1,0,0,0,0,0,0,0,1,0
303,99,N1,Yeast_CYTvsNUC,0,0,0,0,0,0,1,0,0,0,0,0,1,0,0,0
304,109,N1,Yeast_CYTvsNUC,0,0,0,0,0,0,1,0,0,0,0,0,0,0,0,0
305,119,N1,Yeast_CYTvsNUC,0,0,0,0,0,0,1,0,0,0,0,0,1,0,1,1
306,129,N1,Yeast_CYTvsNUC,0,0,1,1,0,0,1,0,0,1,0,0,1,0,1,1
307,139,N1,Yeast_CYTvsNUC,0,0,1,0,0,0,1,0,0,0,0,0,1,0,1,1
308,149,N1,Yeast_CYTvsNUC,0,0,1,0,0,0,1,0,1,0,1,0,0,0,0,1
309,159,N1,Yeast_CYTvsNUC,0,0,1,0,0,0,1,0,0,0,1,0,0,0,1,1
310,169,N1,Yeast_CYTvsNUC,0,0,1,0,0,0,1,0,0,0,1,1,0,0,1,0
311,179,N1,Yeast_CYTvsNUC,0,0,0,0,0,0,1,0,0,0,1,0,0,0,1,1
312,189,N1,Yeast_CYTvsNUC,0,0,0,0,0,0,1,0,0,0,1,1,1,0,0,0
313,199,N1,Yeast_CYTvsNUC,0,0,0,0,0,0,1,0,0,0,0,0,0,0,0,0
356,average,N1,bands,0,0,0,0,0,1,0,0,0,1,1,1,1,1,0,1
336,9,N1,bands,0,0,0,0,1,1,1,1,1,1,1,1,1,1,1,1
337,19,N1,bands,0,1,1,1,1,1,1,1,1,1,1,1,1,1,1,1
338,29,N1,bands,1,1,1,1,1,1,1,0,1,1,1,1,1,1,1,1
339,39,N1,bands,1,1,1,1,1,1,1,1,1,1,1,1,1,1,1,1
340,49,N1,bands,0,0,0,1,0,1,0,1,0,1,1,1,0,0,0,1
341,59,N1,bands,0,0,0,0,0,1,0,1,0,0,0,0,0,0,0,1
342,69,N1,bands,0,0,0,0,0,0,0,0,0,0,0,0,1,0,0,0
343,79,N1,bands,0,0,0,0,0,0,0,0,0,1,1,1,1,0,0,1
344,89,N1,bands,0,0,0,1,1,0,0,0,0,1,1,0,1,1,1,1
345,99,N1,bands,0,0,1,0,1,0,1,0,1,1,1,1,1,1,0,1
346,109,N1,bands,0,0,0,0,0,0,0,0,0,1,1,1,1,1,0,1
347,119,N1,bands,0,0,0,0,0,0,0,1,0,1,1,1,1,1,1,1
348,129,N1,bands,0,0,0,0,0,0,0,0,0,0,1,1,1,1,0,1
349,139,N1,bands,0,0,0,0,0,1,0,0,0,1,0,1,1,1,0,1
350,149,N1,bands,0,0,0,0,0,0,0,0,0,0,0,1,1,1,0,1
351,159,N1,bands,0,0,0,0,0,0,0,0,0,0,0,0,0,0,0,1
352,169,N1,bands,0,0,0,0,0,0,0,0,0,0,0,1,1,0,0,1
353,179,N1,bands,0,0,0,0,1,1,0,0,0,0,0,1,1,0,0,1
354,189,N1,bands,0,0,0,0,0,0,0,0,0,0,0,0,0,0,0,0
355,199,N1,bands,0,0,0,0,0,0,0,0,0,0,0,0,0,0,0,0
587,average,N1,ilpd,0,1,1,0,1,0,0,1,0,1,1,1,1,0,1,0
567,9,N1,ilpd,0,1,1,0,0,1,0,0,1,1,1,1,0,0,1,0
568,19,N1,ilpd,0,0,0,0,0,0,0,0,0,0,0,0,0,0,0,0
569,29,N1,ilpd,0,0,0,0,0,0,0,0,0,0,0,1,1,0,0,0
570,39,N1,ilpd,0,1,0,0,1,0,1,1,0,1,1,1,1,0,0,1
571,49,N1,ilpd,0,0,0,0,1,0,1,1,0,1,0,1,0,0,0,0
572,59,N1,ilpd,0,0,0,0,0,0,1,1,0,1,0,1,1,1,1,1
573,69,N1,ilpd,0,0,0,0,0,0,0,1,0,1,0,0,1,0,0,0
574,79,N1,ilpd,1,1,1,1,1,1,1,1,1,1,1,1,1,1,1,1
575,89,N1,ilpd,1,1,1,1,1,1,0,1,1,1,1,1,1,1,1,1
576,99,N1,ilpd,1,1,1,1,1,1,0,1,0,1,1,1,1,1,1,1
577,109,N1,ilpd,0,0,1,1,0,0,0,1,0,1,1,0,1,0,0,0
578,119,N1,ilpd,0,0,1,1,1,0,0,1,0,1,1,1,1,0,1,1
579,129,N1,ilpd,1,1,1,1,1,1,0,1,1,1,1,1,1,1,1,1
580,139,N1,ilpd,0,1,1,1,1,0,0,1,1,1,1,1,1,0,1,0
581,149,N1,ilpd,1,1,1,1,1,1,0,1,1,1,1,1,1,0,1,0
582,159,N1,ilpd,1,0,1,1,1,0,0,1,1,1,1,1,1,0,1,0
583,169,N1,ilpd,0,0,1,1,1,0,0,1,1,0,1,1,1,0,0,0
584,179,N1,ilpd,1,0,1,1,1,0,0,1,1,1,1,1,1,0,1,0
585,189,N1,ilpd,0,0,1,1,1,0,0,1,1,1,1,1,1,0,0,0
586,199,N1,ilpd,1,1,1,1,1,1,1,1,1,1,1,1,1,0,1,0
755,average,N1,teaching_assistant_LH,0,0,1,0,0,1,1,1,1,0,1,1,1,0,1,1
735,9,N1,teaching_assistant_LH,0,0,0,0,0,0,0,0,0,0,1,0,0,0,0,0
736,19,N1,teaching_assistant_LH,0,0,1,0,0,1,1,1,1,1,1,1,1,1,0,1
737,29,N1,teaching_assistant_LH,0,0,0,0,0,1,1,0,1,0,1,1,1,1,0,0
738,39,N1,teaching_assistant_LH,0,0,1,0,0,1,1,0,1,0,1,1,1,1,0,1
739,49,N1,teaching_assistant_LH,0,0,1,0,1,1,1,1,1,1,1,1,1,1,1,1
740,59,N1,teaching_assistant_LH,0,0,1,0,1,1,1,1,1,0,1,1,1,1,1,1
741,69,N1,teaching_assistant_LH,0,0,0,0,0,1,1,1,1,0,1,1,1,0,0,1
742,79,N1,teaching_assistant_LH,0,0,1,0,1,1,1,1,1,1,1,1,1,1,1,1
743,89,N1,teaching_assistant_LH,0,0,1,0,0,1,1,0,1,0,1,1,1,0,0,1
744,99,N1,teaching_assistant_LH,0,0,1,0,1,1,1,1,1,1,1,1,1,1,1,1
745,109,N1,teaching_assistant_LH,0,0,1,0,0,1,1,1,1,1,1,1,1,0,1,1
746,119,N1,teaching_assistant_LH,0,0,1,0,0,1,1,1,1,1,1,1,1,0,1,1
747,129,N1,teaching_assistant_LH,0,0,1,0,1,1,1,1,1,0,1,1,1,0,1,1
748,139,N1,teaching_assistant_LH,0,0,1,0,1,1,1,1,1,1,1,1,1,0,1,1
749,149,N1,teaching_assistant_LH,0,0,1,0,1,1,1,1,1,0,1,1,1,0,1,1
750,159,N1,teaching_assistant_LH,0,0,1,0,1,1,1,1,1,1,1,1,1,0,1,1
751,169,N1,teaching_assistant_LH,0,0,1,0,1,1,1,1,1,0,1,1,1,0,1,1
752,179,N1,teaching_assistant_LH,0,0,1,0,1,1,1,1,1,0,1,1,1,0,1,1
753,189,N1,teaching_assistant_LH,0,0,1,0,1,1,1,1,1,0,1,1,1,0,1,1
754,199,N1,teaching_assistant_LH,0,0,1,0,1,1,1,1,1,0,1,1,1,0,1,1
797,average,N1,teaching_assistant_MH,0,1,1,0,1,1,0,0,1,0,1,1,1,0,0,1
777,9,N1,teaching_assistant_MH,0,1,1,1,1,0,1,0,1,0,1,1,1,0,1,1
778,19,N1,teaching_assistant_MH,0,0,1,0,0,0,0,0,0,0,1,1,0,0,1,1
779,29,N1,teaching_assistant_MH,0,1,1,0,0,1,0,1,1,0,1,1,0,0,1,1
780,39,N1,teaching_assistant_MH,0,1,1,0,1,1,0,0,1,0,1,1,1,0,0,1
781,49,N1,teaching_assistant_MH,0,1,0,0,1,1,0,0,1,0,1,1,1,0,1,0
782,59,N1,teaching_assistant_MH,0,1,1,0,1,1,0,0,1,0,1,1,1,0,0,1
783,69,N1,teaching_assistant_MH,0,1,1,0,1,1,0,1,1,0,1,1,1,0,1,1
784,79,N1,teaching_assistant_MH,0,1,1,1,1,1,1,1,1,0,1,1,1,0,1,1
785,89,N1,teaching_assistant_MH,0,1,1,1,1,1,1,0,1,1,1,1,1,0,1,1
786,99,N1,teaching_assistant_MH,0,1,1,1,1,1,1,0,1,0,1,1,1,0,1,0
787,109,N1,teaching_assistant_MH,0,1,1,0,1,1,1,0,1,0,1,1,1,0,1,1
788,119,N1,teaching_assistant_MH,0,1,1,0,1,1,1,0,1,0,1,1,1,0,1,1
789,129,N1,teaching_assistant_MH,0,1,0,0,1,1,0,0,0,0,1,1,1,0,0,0
790,139,N1,teaching_assistant_MH,0,1,0,0,0,1,0,0,0,0,1,1,1,0,0,0
791,149,N1,teaching_assistant_MH,0,1,1,0,1,1,1,0,1,0,1,1,1,0,1,0
792,159,N1,teaching_assistant_MH,0,1,1,1,1,1,1,0,1,0,1,1,1,0,1,1
793,169,N1,teaching_assistant_MH,0,1,1,1,1,1,1,0,1,0,1,1,1,0,1,1
794,179,N1,teaching_assistant_MH,0,1,1,0,0,1,0,0,0,0,1,0,1,0,0,0
795,189,N1,teaching_assistant_MH,0,1,1,0,0,1,0,0,1,0,1,1,1,0,0,0
796,199,N1,teaching_assistant_MH,0,1,1,0,0,1,0,0,1,0,1,1,1,0,1,0
461,average,N1,contraceptive_NL,1,0,1,1,1,1,1,1,1,1,0,1,1,1,1,1
441,9,N1,contraceptive_NL,1,1,1,1,1,1,1,1,1,1,1,1,1,1,1,1
442,19,N1,contraceptive_NL,1,0,1,1,1,1,1,0,1,1,1,1,1,1,1,1
443,29,N1,contraceptive_NL,1,1,1,1,1,1,1,1,1,1,1,1,1,1,1,1
444,39,N1,contraceptive_NL,1,0,1,1,1,1,1,0,1,1,1,1,0,1,1,1
445,49,N1,contraceptive_NL,1,0,1,1,1,1,1,1,1,1,0,1,1,1,1,1
446,59,N1,contraceptive_NL,1,0,1,1,1,1,1,1,1,1,1,1,1,1,1,1
447,69,N1,contraceptive_NL,1,0,1,1,1,1,1,1,1,1,1,1,1,1,1,1
448,79,N1,contraceptive_NL,1,0,1,1,1,1,1,1,1,1,1,1,1,1,1,1
449,89,N1,contraceptive_NL,1,0,1,1,1,0,1,1,0,1,0,1,1,1,1,1
450,99,N1,contraceptive_NL,1,0,1,1,1,0,1,1,0,1,0,1,0,0,1,1
451,109,N1,contraceptive_NL,1,0,1,1,1,1,1,1,0,1,0,1,1,0,1,1
452,119,N1,contraceptive_NL,1,0,1,1,1,1,0,1,0,1,0,1,1,0,1,1
453,129,N1,contraceptive_NL,1,0,1,1,1,1,1,1,1,1,1,1,1,1,1,1
454,139,N1,contraceptive_NL,0,0,1,1,0,0,0,0,0,0,0,0,0,0,0,1
455,149,N1,contraceptive_NL,1,0,1,1,0,1,0,1,0,1,0,1,0,1,1,1
456,159,N1,contraceptive_NL,1,0,1,1,1,0,0,0,0,1,0,1,0,0,0,1
457,169,N1,contraceptive_NL,1,0,1,1,1,1,0,1,0,1,0,1,0,0,1,1
458,179,N1,contraceptive_NL,1,0,1,1,0,1,0,0,0,1,0,1,0,0,0,1
459,189,N1,contraceptive_NL,1,0,1,1,1,1,1,1,0,1,0,0,0,1,0,1
460,199,N1,contraceptive_NL,1,0,1,1,0,0,0,1,0,1,0,0,0,0,0,1
293,average,N1,WineQualityRed_5vs6,0,0,0,0,1,0,1,0,0,1,0,0,1,0,1,0
273,9,N1,WineQualityRed_5vs6,0,0,0,0,0,0,1,1,0,1,1,0,1,0,1,0
274,19,N1,WineQualityRed_5vs6,0,0,0,0,0,1,1,0,0,1,0,0,1,0,1,0
275,29,N1,WineQualityRed_5vs6,0,0,0,1,1,0,1,1,0,1,0,0,0,1,0,0
276,39,N1,WineQualityRed_5vs6,0,0,0,0,0,0,1,0,0,0,0,0,0,0,0,0
277,49,N1,WineQualityRed_5vs6,0,0,0,0,0,0,1,0,0,0,0,0,1,0,0,0
278,59,N1,WineQualityRed_5vs6,0,0,0,0,1,0,1,1,0,1,0,0,0,0,0,0
279,69,N1,WineQualityRed_5vs6,0,1,0,1,1,1,1,1,1,1,1,0,1,0,1,0
280,79,N1,WineQualityRed_5vs6,0,1,1,0,1,1,1,1,1,1,1,1,1,0,1,0
281,89,N1,WineQualityRed_5vs6,0,0,0,0,0,1,1,1,1,1,0,0,1,0,1,0
282,99,N1,WineQualityRed_5vs6,0,1,1,0,1,1,1,1,1,1,1,1,1,0,1,0
283,109,N1,WineQualityRed_5vs6,0,0,0,0,0,0,0,0,1,1,0,0,0,0,0,0
284,119,N1,WineQualityRed_5vs6,0,0,0,0,1,0,1,0,0,1,0,0,0,0,0,0
285,129,N1,WineQualityRed_5vs6,0,0,0,0,0,0,1,0,1,1,1,0,0,0,1,0
286,139,N1,WineQualityRed_5vs6,0,0,0,0,1,0,1,0,1,1,1,0,1,1,1,0
287,149,N1,WineQualityRed_5vs6,0,0,0,0,0,0,0,0,0,1,1,0,1,0,0,0
288,159,N1,WineQualityRed_5vs6,0,0,0,0,0,0,1,0,0,1,1,0,1,0,1,0
289,169,N1,WineQualityRed_5vs6,0,1,0,0,1,0,1,0,1,1,1,0,1,0,1,0
290,179,N1,WineQualityRed_5vs6,0,0,0,0,0,0,0,0,0,0,0,0,0,0,0,0
291,189,N1,WineQualityRed_5vs6,0,0,0,0,1,0,1,0,0,1,0,0,1,0,1,0
292,199,N1,WineQualityRed_5vs6,0,0,0,0,1,0,1,1,0,1,0,0,1,0,1,0
839,average,N1,vertebral_column,0,0,0,0,0,0,0,0,0,0,0,0,0,0,0,0
819,9,N1,vertebral_column,0,0,0,0,0,0,0,0,0,0,0,0,0,0,0,0
820,19,N1,vertebral_column,0,0,0,0,0,0,1,0,1,0,0,0,1,1,0,0
821,29,N1,vertebral_column,0,1,0,0,0,1,1,0,1,1,0,0,1,1,0,0
822,39,N1,vertebral_column,0,0,0,0,0,0,0,0,0,0,0,0,0,1,0,0
823,49,N1,vertebral_column,0,0,0,0,0,0,1,1,0,0,0,0,0,1,0,0
824,59,N1,vertebral_column,0,0,0,0,0,0,1,0,0,0,0,0,0,0,0,0
825,69,N1,vertebral_column,0,0,0,0,0,0,1,0,0,0,0,0,0,1,0,0
826,79,N1,vertebral_column,0,0,0,0,0,0,1,0,0,0,0,0,0,1,0,0
827,89,N1,vertebral_column,0,0,0,0,0,0,1,0,0,0,0,0,0,0,0,0
828,99,N1,vertebral_column,0,0,0,0,0,0,1,0,0,0,0,0,0,0,0,0
829,109,N1,vertebral_column,0,0,0,0,0,0,0,0,0,0,0,0,0,0,1,0
830,119,N1,vertebral_column,0,0,0,0,0,0,1,0,0,1,0,0,0,0,1,0
831,129,N1,vertebral_column,0,0,0,0,0,0,0,0,0,0,0,0,0,0,0,0
832,139,N1,vertebral_column,0,0,0,0,0,0,0,0,0,0,0,0,0,0,0,0
833,149,N1,vertebral_column,0,0,0,0,0,0,0,0,0,0,0,0,0,0,0,0
834,159,N1,vertebral_column,0,0,0,0,0,0,0,0,0,0,1,0,0,0,0,0
835,169,N1,vertebral_column,0,0,0,0,0,0,0,0,0,0,1,0,0,1,0,0
836,179,N1,vertebral_column,0,0,0,0,0,0,0,0,0,0,1,0,0,0,0,0
837,189,N1,vertebral_column,0,0,0,0,0,0,0,0,0,0,0,0,0,0,0,0
838,199,N1,vertebral_column,0,0,0,0,0,0,0,0,0,0,0,0,0,0,0,0
524,average,N1,diabetes,1,0,1,0,1,0,1,1,1,0,1,0,1,1,1,1
504,9,N1,diabetes,1,1,1,1,1,1,1,1,1,1,1,1,1,1,1,1
505,19,N1,diabetes,1,1,1,1,1,1,1,1,0,1,1,1,1,1,0,1
506,29,N1,diabetes,1,0,1,1,1,1,1,1,1,1,1,1,1,1,1,1
507,39,N1,diabetes,1,0,1,1,1,1,1,1,1,1,1,1,1,1,1,1
508,49,N1,diabetes,1,0,1,0,1,1,1,0,1,1,1,1,1,1,0,1
509,59,N1,diabetes,1,0,1,0,1,0,1,1,1,0,0,0,1,0,0,0
510,69,N1,diabetes,1,0,1,0,1,1,1,1,1,1,1,1,1,1,1,1
511,79,N1,diabetes,1,1,1,0,1,0,1,1,1,0,1,1,1,1,1,1
512,89,N1,diabetes,1,0,1,1,1,0,1,1,1,1,1,0,1,1,1,0
513,99,N1,diabetes,0,0,0,0,1,0,1,0,1,0,1,0,1,1,1,0
514,109,N1,diabetes,1,0,1,0,1,0,0,1,1,0,1,0,1,1,1,1
515,119,N1,diabetes,1,0,1,0,1,0,0,1,0,0,1,0,1,0,1,0
516,129,N1,diabetes,0,0,1,1,1,0,0,0,0,0,0,0,1,0,0,0
517,139,N1,diabetes,0,0,1,0,1,0,1,1,0,0,1,0,1,0,0,1
518,149,N1,diabetes,0,0,1,1,1,0,1,1,1,0,1,0,1,0,1,1
519,159,N1,diabetes,0,0,1,0,1,0,1,1,1,0,1,0,1,0,0,1
520,169,N1,diabetes,0,0,1,0,1,0,1,1,1,0,1,0,1,0,0,0
521,179,N1,diabetes,0,0,1,0,1,0,1,0,1,0,0,0,1,1,0,0
522,189,N1,diabetes,0,0,1,1,1,0,1,1,1,0,0,0,1,0,0,0
523,199,N1,diabetes,0,0,1,0,1,0,0,0,1,0,0,0,1,0,0,1
503,average,N1,credit-g,1,0,1,1,0,1,1,1,1,1,1,1,1,1,1,0
483,9,N1,credit-g,1,0,0,1,1,1,1,1,1,1,0,0,1,1,1,0
484,19,N1,credit-g,1,0,1,1,0,1,1,1,1,1,1,1,1,1,1,0
485,29,N1,credit-g,1,0,1,1,0,1,0,1,1,1,1,1,1,1,1,0
486,39,N1,credit-g,1,0,1,1,0,1,1,1,1,1,1,1,1,1,1,0
487,49,N1,credit-g,1,0,1,1,0,1,1,1,1,1,0,1,1,0,1,0
488,59,N1,credit-g,1,0,1,1,0,1,1,1,1,1,1,0,0,0,1,0
489,69,N1,credit-g,0,0,1,1,0,0,1,1,1,1,1,0,1,0,1,0
490,79,N1,credit-g,0,0,0,1,0,0,1,1,1,0,1,0,1,0,0,0
491,89,N1,credit-g,0,0,1,1,0,0,1,1,1,0,1,0,0,0,1,0
492,99,N1,credit-g,0,0,1,1,0,1,1,1,1,1,1,1,1,0,0,0
493,109,N1,credit-g,0,0,1,1,1,0,0,1,1,1,1,0,1,0,1,0
494,119,N1,credit-g,1,0,1,1,1,1,1,1,1,1,1,1,1,0,1,0
495,129,N1,credit-g,1,0,1,1,0,1,1,1,1,1,1,1,1,0,1,0
496,139,N1,credit-g,0,0,1,1,1,1,1,1,1,1,1,1,1,1,1,0
497,149,N1,credit-g,0,0,1,1,0,1,1,1,1,1,1,1,1,1,1,0
498,159,N1,credit-g,1,0,1,1,1,1,1,1,1,1,1,1,1,1,1,0
499,169,N1,credit-g,1,0,1,1,1,1,1,1,1,1,1,1,1,1,1,1
500,179,N1,credit-g,1,0,1,1,1,1,1,1,1,1,1,1,1,1,1,0
501,189,N1,credit-g,1,0,1,1,1,1,1,1,1,1,1,1,1,1,1,1
502,199,N1,credit-g,0,0,1,1,1,1,1,1,1,1,1,1,1,1,1,1
335,average,N1,arrhythmia_cfs,0,0,1,0,1,0,0,0,0,1,0,1,0,1,0,1
315,9,N1,arrhythmia_cfs,0,0,0,0,0,0,0,0,0,0,0,1,0,0,0,0
316,19,N1,arrhythmia_cfs,0,0,0,0,0,0,0,0,0,0,0,1,0,0,1,0
317,29,N1,arrhythmia_cfs,0,0,1,0,1,0,0,0,0,0,0,1,0,1,1,0
318,39,N1,arrhythmia_cfs,0,0,1,0,1,1,1,1,1,1,1,1,1,1,1,1
319,49,N1,arrhythmia_cfs,0,0,1,0,1,1,1,1,1,1,1,1,1,1,1,1
320,59,N1,arrhythmia_cfs,0,0,0,1,1,1,1,0,1,1,1,1,1,1,1,1
321,69,N1,arrhythmia_cfs,1,0,1,0,1,1,1,1,1,1,1,1,1,1,1,1
322,79,N1,arrhythmia_cfs,0,0,1,0,1,0,0,1,0,0,0,1,1,1,0,1
323,89,N1,arrhythmia_cfs,0,0,1,0,1,0,0,0,0,0,0,1,0,1,0,1
324,99,N1,arrhythmia_cfs,0,0,1,0,1,1,0,1,0,1,1,1,1,1,0,1
325,109,N1,arrhythmia_cfs,0,0,1,0,1,0,0,0,0,0,0,1,0,1,0,1
326,119,N1,arrhythmia_cfs,0,0,1,0,1,1,0,1,0,1,1,1,1,1,0,1
327,129,N1,arrhythmia_cfs,0,0,1,0,1,1,1,1,0,1,1,1,1,1,0,1
328,139,N1,arrhythmia_cfs,0,0,1,0,1,0,0,0,0,1,1,1,1,1,0,1
329,149,N1,arrhythmia_cfs,0,0,1,0,1,0,0,1,0,1,0,1,1,1,0,1
330,159,N1,arrhythmia_cfs,0,0,1,0,1,0,1,0,0,1,1,1,1,1,0,1
331,169,N1,arrhythmia_cfs,0,0,1,0,1,1,1,0,0,1,1,1,0,1,0,1
332,179,N1,arrhythmia_cfs,0,0,1,0,1,0,1,0,0,1,1,1,1,1,0,0
333,189,N1,arrhythmia_cfs,0,0,1,0,0,0,0,0,0,1,0,0,0,1,0,0
334,199,N1,arrhythmia_cfs,0,0,1,0,0,1,0,0,0,1,1,1,0,1,0,0
671,average,N1,pima,1,0,1,1,1,1,1,1,1,1,1,1,1,0,1,1
651,9,N1,pima,1,0,1,1,1,1,1,1,0,1,0,0,1,1,1,1
652,19,N1,pima,1,0,0,1,1,1,1,1,0,1,0,0,0,1,1,1
653,29,N1,pima,1,0,1,1,1,1,1,1,1,1,1,1,1,1,1,1
654,39,N1,pima,1,1,1,1,1,1,1,1,1,1,1,1,1,1,1,1
655,49,N1,pima,1,1,1,1,1,1,1,1,1,1,1,1,1,1,1,1
656,59,N1,pima,1,1,1,1,1,1,1,1,1,1,1,1,1,1,1,1
657,69,N1,pima,1,1,1,1,1,1,1,1,1,1,1,1,1,1,1,1
658,79,N1,pima,1,1,1,1,1,1,1,1,1,1,1,1,1,1,1,1
659,89,N1,pima,1,0,1,1,1,1,0,1,1,1,1,0,1,1,0,1
660,99,N1,pima,1,1,1,1,1,1,1,1,1,1,1,1,1,1,1,1
661,109,N1,pima,1,0,1,1,1,1,0,1,1,1,1,1,1,0,0,1
662,119,N1,pima,1,0,1,1,1,0,0,1,1,1,0,1,1,0,0,1
663,129,N1,pima,1,0,1,1,0,1,0,1,1,1,1,0,1,0,0,1
664,139,N1,pima,1,0,1,1,1,1,0,0,1,0,1,1,1,0,0,1
665,149,N1,pima,1,0,1,0,0,1,0,0,0,0,1,0,0,0,0,0
666,159,N1,pima,1,0,1,0,0,0,0,0,1,0,0,0,1,0,0,0
667,169,N1,pima,1,0,1,1,0,0,0,0,0,0,0,0,0,0,0,0
668,179,N1,pima,1,0,1,0,0,0,0,0,0,0,0,0,0,0,0,0
669,189,N1,pima,1,0,1,1,1,0,0,1,1,1,1,0,0,0,0,0
670,199,N1,pima,1,0,1,1,1,0,0,1,0,1,1,0,1,0,0,0
629,average,N1,mammographic,1,0,1,1,1,1,1,1,1,1,1,1,1,1,1,1
609,9,N1,mammographic,1,0,1,1,1,1,1,1,0,0,0,1,0,0,1,1
610,19,N1,mammographic,1,0,1,1,1,1,1,1,1,1,1,1,0,0,1,1
611,29,N1,mammographic,1,0,1,1,0,1,0,1,0,1,1,1,1,1,1,1
612,39,N1,mammographic,1,0,1,1,1,1,1,1,1,1,1,1,1,1,1,1
613,49,N1,mammographic,1,0,1,1,1,1,1,1,1,1,1,1,1,1,1,1
614,59,N1,mammographic,1,0,1,1,1,1,1,1,1,1,1,1,1,0,1,1
615,69,N1,mammographic,1,0,1,1,1,1,1,1,1,0,1,1,1,1,1,1
616,79,N1,mammographic,1,0,1,1,1,1,1,1,1,1,1,1,1,1,1,1
617,89,N1,mammographic,1,0,1,1,1,1,1,1,1,1,1,1,1,1,1,1
618,99,N1,mammographic,1,0,1,1,1,1,1,1,1,1,1,1,1,1,1,1
619,109,N1,mammographic,1,0,1,1,1,1,1,1,1,1,1,1,1,1,1,1
620,119,N1,mammographic,1,0,1,1,1,1,1,1,1,1,1,1,1,1,1,1
621,129,N1,mammographic,1,0,1,1,1,1,1,1,1,1,1,1,1,1,1,1
622,139,N1,mammographic,1,0,1,1,1,1,1,1,1,1,1,1,1,1,1,1
623,149,N1,mammographic,1,0,1,1,1,1,1,1,1,1,1,1,1,1,1,1
624,159,N1,mammographic,1,0,1,1,1,1,1,1,1,1,1,1,1,1,1,1
625,169,N1,mammographic,1,0,1,1,1,1,1,1,1,1,1,1,1,1,1,1
626,179,N1,mammographic,1,0,1,1,1,1,1,1,1,1,1,1,1,1,1,1
627,189,N1,mammographic,1,0,1,1,1,1,1,1,1,1,1,1,1,1,1,1
628,199,N1,mammographic,1,0,1,1,1,1,1,1,1,1,1,1,1,1,1,1
818,average,N1,titanic,1,0,1,1,1,1,1,1,1,1,0,1,1,1,1,1
798,9,N1,titanic,1,0,1,1,0,1,1,1,1,1,0,1,1,1,0,1
799,19,N1,titanic,1,0,0,0,0,1,0,0,1,1,0,1,0,0,1,1
800,29,N1,titanic,1,0,1,1,0,1,1,1,1,1,1,1,1,1,1,1
801,39,N1,titanic,1,0,1,1,0,1,1,1,1,1,0,1,0,0,1,1
802,49,N1,titanic,1,0,1,1,1,1,0,1,1,1,0,1,1,1,1,1
803,59,N1,titanic,1,0,1,1,1,1,1,1,1,1,1,1,1,1,1,1
804,69,N1,titanic,1,0,1,1,1,1,1,1,1,1,0,1,1,1,1,1
805,79,N1,titanic,1,0,1,1,1,1,1,1,1,1,0,1,1,1,1,1
806,89,N1,titanic,1,0,1,1,1,1,1,1,1,1,1,1,1,1,1,1
807,99,N1,titanic,1,0,1,1,1,1,1,1,1,1,1,1,1,1,1,1
808,109,N1,titanic,1,0,1,1,1,1,1,1,1,1,1,1,1,0,1,1
809,119,N1,titanic,1,0,1,1,1,1,0,1,0,0,0,1,1,0,1,0
810,129,N1,titanic,1,0,1,1,1,1,1,1,0,1,0,1,1,0,1,1
811,139,N1,titanic,1,0,0,1,1,1,1,1,1,0,0,1,1,0,1,1
812,149,N1,titanic,1,0,0,1,1,1,1,1,1,0,0,0,0,0,1,1
813,159,N1,titanic,1,0,1,1,1,0,0,1,0,0,0,0,0,0,1,1
814,169,N1,titanic,1,0,0,1,1,1,1,1,0,0,0,0,1,0,1,0
815,179,N1,titanic,1,0,0,1,1,1,1,1,0,0,0,1,1,0,1,1
816,189,N1,titanic,1,0,0,1,1,1,0,1,1,0,0,0,0,0,0,1
817,199,N1,titanic,1,0,0,1,1,1,1,1,1,1,0,1,1,1,1,1
713,average,N1,sonar,0,0,0,0,0,0,0,0,0,0,0,0,1,0,0,0
693,9,N1,sonar,0,0,0,0,1,0,0,0,0,0,0,0,0,0,0,0
694,19,N1,sonar,0,0,0,0,0,0,0,0,0,0,0,0,0,0,0,0
695,29,N1,sonar,0,0,1,0,0,0,0,0,1,1,0,0,1,0,0,1
696,39,N1,sonar,0,0,0,0,0,0,0,0,1,0,0,0,0,0,0,0
697,49,N1,sonar,0,0,0,0,0,0,0,0,0,0,0,0,0,0,0,0
698,59,N1,sonar,0,0,0,0,0,0,0,0,0,0,0,0,0,1,0,0
699,69,N1,sonar,0,0,0,0,0,0,0,0,0,0,0,0,1,1,0,0
700,79,N1,sonar,0,0,0,0,0,0,0,0,0,0,0,0,0,1,1,0
701,89,N1,sonar,0,0,0,0,0,0,0,0,0,0,0,0,0,1,0,0
702,99,N1,sonar,0,0,0,0,0,0,0,0,0,0,0,0,0,1,0,0
703,109,N1,sonar,0,0,0,1,1,0,0,0,1,0,0,0,1,1,1,0
704,119,N1,sonar,0,0,0,0,0,0,0,0,1,0,0,0,1,1,0,0
705,129,N1,sonar,0,1,0,1,0,0,0,0,1,1,0,0,1,1,0,0
706,139,N1,sonar,0,0,0,1,0,0,0,0,1,1,0,0,1,1,0,0
707,149,N1,sonar,0,0,0,1,0,0,0,0,1,0,0,0,1,0,0,0
708,159,N1,sonar,0,0,0,1,1,1,0,0,1,0,1,0,1,1,1,0
709,169,N1,sonar,0,0,0,0,1,0,0,0,1,1,1,0,1,1,0,0
710,179,N1,sonar,0,0,0,1,1,0,0,0,1,0,1,0,1,1,0,0
711,189,N1,sonar,0,0,0,1,0,0,0,0,1,0,1,0,1,1,0,0
712,199,N1,sonar,0,0,0,0,0,0,0,0,0,0,1,0,1,1,0,0
650,average,N1,phoneme,0,0,0,0,0,0,0,0,0,0,0,0,0,0,0,0
630,9,N1,phoneme,0,1,0,0,0,0,0,0,0,1,1,0,0,0,0,0
631,19,N1,phoneme,0,0,0,0,0,1,0,0,1,0,0,0,1,0,0,0
632,29,N1,phoneme,0,0,0,0,0,0,0,0,0,0,0,0,1,0,0,0
633,39,N1,phoneme,0,0,0,0,0,0,0,0,0,0,0,0,1,0,0,0
634,49,N1,phoneme,0,0,0,0,0,0,0,0,0,0,0,0,0,0,1,0
635,59,N1,phoneme,0,0,0,0,0,0,0,0,0,0,0,0,0,0,0,0
636,69,N1,phoneme,0,1,0,0,0,0,0,0,0,0,0,0,0,0,0,0
637,79,N1,phoneme,0,0,0,0,0,0,0,0,0,0,0,0,0,0,0,0
638,89,N1,phoneme,0,0,0,0,0,0,0,0,0,0,0,0,0,0,0,0
639,99,N1,phoneme,0,0,0,0,0,0,0,0,0,0,0,0,0,0,1,0
640,109,N1,phoneme,0,0,0,0,0,0,0,0,1,0,0,0,0,0,0,0
641,119,N1,phoneme,0,0,0,0,0,0,0,0,1,0,0,0,1,0,1,0
642,129,N1,phoneme,0,0,0,0,0,0,0,0,0,0,0,0,0,0,1,0
643,139,N1,phoneme,0,1,0,0,0,0,0,0,0,0,0,0,0,0,1,0
644,149,N1,phoneme,0,0,0,0,0,0,0,0,0,0,0,0,0,0,0,0
645,159,N1,phoneme,0,0,0,0,0,0,0,0,0,0,0,0,0,0,0,0
646,169,N1,phoneme,0,0,0,0,0,0,0,0,0,0,0,0,0,0,0,0
647,179,N1,phoneme,0,1,0,0,0,0,0,0,0,0,0,0,0,0,0,0
648,189,N1,phoneme,0,1,0,0,0,0,0,0,0,0,0,0,0,0,0,0
649,199,N1,phoneme,0,0,0,0,0,0,0,0,0,0,0,0,0,0,0,0
734,average,N1,spambase,0,0,0,0,0,0,1,0,1,1,1,1,1,0,1,1
714,9,N1,spambase,0,0,0,1,0,0,1,0,1,1,0,1,1,0,0,0
715,19,N1,spambase,0,0,0,0,0,0,1,0,0,1,0,1,0,0,0,0
716,29,N1,spambase,0,1,1,0,1,1,1,1,1,1,1,1,0,1,1,0
717,39,N1,spambase,0,0,0,0,1,0,1,0,1,1,0,1,1,1,1,0
718,49,N1,spambase,0,0,0,0,1,0,0,0,1,1,1,1,0,1,1,0
719,59,N1,spambase,0,1,0,0,0,0,1,1,1,1,1,1,1,1,0,0
720,69,N1,spambase,0,0,1,0,0,0,0,0,0,0,0,0,1,0,1,0
721,79,N1,spambase,0,0,1,0,0,0,1,0,1,0,1,1,1,1,1,0
722,89,N1,spambase,0,0,0,0,0,0,1,0,1,1,1,1,1,0,1,1
723,99,N1,spambase,0,0,0,0,1,0,1,0,1,1,1,1,1,0,0,1
724,109,N1,spambase,0,0,0,0,0,0,0,0,0,0,0,1,1,0,0,1
725,119,N1,spambase,0,1,0,0,0,0,0,0,0,0,1,0,1,0,0,0
726,129,N1,spambase,0,0,0,0,1,0,1,0,1,1,1,0,1,0,0,1
727,139,N1,spambase,0,0,0,0,1,0,1,0,1,0,1,1,1,0,0,1
728,149,N1,spambase,0,0,0,0,0,0,1,0,1,0,1,1,1,0,1,1
729,159,N1,spambase,0,0,0,0,0,0,1,0,1,0,0,1,1,0,1,1
730,169,N1,spambase,0,0,1,0,1,1,1,1,0,1,1,1,1,1,1,1
731,179,N1,spambase,0,1,1,0,0,0,1,1,0,1,1,1,1,1,1,1
732,189,N1,spambase,0,1,1,0,1,1,1,1,1,0,1,1,1,1,1,1
733,199,N1,spambase,0,1,1,0,1,1,1,1,1,1,1,1,1,1,1,1
608,average,N1,ionosphere,1,0,1,0,0,1,1,0,0,1,0,0,1,0,1,0
588,9,N1,ionosphere,1,1,1,1,1,1,1,1,1,1,1,1,1,1,1,0
589,19,N1,ionosphere,1,0,0,0,1,0,0,1,1,0,0,1,1,1,1,0
590,29,N1,ionosphere,1,0,1,1,1,1,1,1,1,1,0,1,1,1,1,0
591,39,N1,ionosphere,1,0,1,0,0,1,0,0,0,0,0,1,0,0,1,0
592,49,N1,ionosphere,0,1,1,0,0,0,1,0,0,0,0,0,0,0,0,0
593,59,N1,ionosphere,1,1,1,1,0,1,1,0,1,1,1,0,1,1,1,0
594,69,N1,ionosphere,0,0,1,1,0,0,1,0,0,0,0,0,1,0,0,0
595,79,N1,ionosphere,1,0,0,1,0,0,1,0,0,0,0,0,1,1,0,0
596,89,N1,ionosphere,1,0,0,0,0,0,0,0,0,0,0,0,0,0,0,0
597,99,N1,ionosphere,1,0,0,0,0,0,1,0,0,0,0,0,0,0,0,0
598,109,N1,ionosphere,1,0,0,1,0,0,1,0,0,0,0,0,0,1,1,1
599,119,N1,ionosphere,0,0,1,0,0,0,0,0,0,0,0,0,0,0,0,0
600,129,N1,ionosphere,1,0,1,0,0,0,0,0,0,0,0,0,0,0,1,1
601,139,N1,ionosphere,1,0,1,0,0,1,1,1,1,1,1,0,1,1,1,1
602,149,N1,ionosphere,1,0,1,0,0,0,0,0,0,1,0,0,1,1,1,1
603,159,N1,ionosphere,1,0,1,0,0,0,0,0,0,1,0,0,1,1,1,1
604,169,N1,ionosphere,1,1,1,0,0,0,0,0,0,1,0,0,1,1,1,1
605,179,N1,ionosphere,1,0,0,0,0,0,0,0,0,0,0,0,1,1,0,1
606,189,N1,ionosphere,1,0,1,0,0,0,0,0,0,0,0,0,1,1,0,1
607,199,N1,ionosphere,0,0,0,0,0,0,0,0,0,0,0,0,0,0,0,0
860,average,N1,wdbc,0,0,0,0,0,0,0,0,0,0,0,0,0,0,0,0
840,9,N1,wdbc,0,0,1,0,0,0,0,0,0,0,0,0,0,0,0,0
841,19,N1,wdbc,0,0,1,0,0,0,1,1,0,0,0,1,1,0,1,0
842,29,N1,wdbc,0,0,0,1,0,0,1,1,0,1,1,1,1,0,0,0
843,39,N1,wdbc,0,0,0,0,0,0,0,1,0,0,0,1,0,0,0,0
844,49,N1,wdbc,0,0,0,0,0,0,0,0,0,0,0,0,0,0,0,0
845,59,N1,wdbc,0,0,0,0,0,0,0,0,0,0,0,0,0,0,0,0
846,69,N1,wdbc,0,0,0,0,0,0,0,0,0,0,0,0,0,0,0,0
847,79,N1,wdbc,0,0,0,0,0,0,0,0,0,1,0,0,0,0,0,0
848,89,N1,wdbc,0,0,0,0,0,0,0,0,0,0,0,1,0,1,0,0
849,99,N1,wdbc,0,0,0,0,0,0,0,0,0,0,0,0,0,0,0,0
850,109,N1,wdbc,0,0,0,0,0,0,0,0,0,0,0,0,0,0,0,0
851,119,N1,wdbc,0,1,0,0,0,0,0,0,0,1,0,0,0,0,0,0
852,129,N1,wdbc,0,0,0,0,0,0,0,0,0,0,0,0,0,0,0,0
853,139,N1,wdbc,0,1,0,0,0,0,0,0,0,1,0,0,1,1,0,0
854,149,N1,wdbc,0,1,0,0,0,0,1,0,0,0,0,0,1,1,0,0
855,159,N1,wdbc,0,0,0,0,0,0,0,0,0,0,0,0,1,0,0,0
856,169,N1,wdbc,0,0,0,0,0,0,0,0,0,0,0,0,1,0,0,0
857,179,N1,wdbc,0,0,0,0,0,0,0,0,0,0,0,0,1,0,0,0
858,189,N1,wdbc,0,0,0,0,0,0,0,0,0,0,0,0,1,0,0,0
859,199,N1,wdbc,0,0,0,0,0,0,0,0,0,0,0,0,1,0,0,0
692,average,N1,segment,0,0,0,0,0,0,0,0,0,0,0,0,0,0,0,0
672,9,N1,segment,0,0,0,0,0,0,0,0,0,0,0,1,0,0,1,0
673,19,N1,segment,0,0,0,0,0,0,0,0,0,0,0,0,0,0,0,0
674,29,N1,segment,0,1,0,0,1,0,0,0,0,0,0,0,0,1,0,0
675,39,N1,segment,0,1,1,0,0,0,0,0,1,1,1,0,0,1,1,0
676,49,N1,segment,0,0,0,0,0,0,0,0,0,0,0,0,0,1,0,0
677,59,N1,segment,0,0,0,0,0,0,0,0,0,0,0,0,0,1,0,0
678,69,N1,segment,0,1,0,0,0,0,1,0,0,0,0,0,0,0,0,0
679,79,N1,segment,0,1,0,0,0,1,0,1,0,0,1,0,0,1,0,0
680,89,N1,segment,0,0,0,0,0,0,0,0,0,0,0,0,0,0,0,0
681,99,N1,segment,0,0,0,0,0,0,1,0,0,0,0,0,0,1,0,0
682,109,N1,segment,0,0,0,0,0,1,0,0,0,0,0,0,0,1,0,0
683,119,N1,segment,0,0,0,0,0,0,0,0,0,0,0,0,0,0,0,0
684,129,N1,segment,0,0,0,0,0,0,0,0,0,0,0,0,0,1,0,0
685,139,N1,segment,0,0,0,0,0,0,0,0,0,0,0,0,0,1,0,0
686,149,N1,segment,0,0,0,0,0,0,0,0,0,0,0,0,0,0,0,0
687,159,N1,segment,0,0,0,0,0,0,0,0,0,0,0,0,0,0,0,0
688,169,N1,segment,0,0,0,0,0,0,1,0,0,0,0,0,0,1,0,0
689,179,N1,segment,0,0,0,0,0,0,0,0,0,0,0,0,0,0,0,0
690,189,N1,segment,0,0,0,0,0,0,0,0,0,0,0,0,0,0,0,0
691,199,N1,segment,0,0,0,0,0,0,0,0,0,0,0,0,0,0,0,0
398,average,N1,breast-w,0,1,0,0,1,0,1,0,0,1,0,0,1,0,1,1
378,9,N1,breast-w,0,0,0,0,1,0,0,0,0,1,0,0,0,0,0,0
379,19,N1,breast-w,0,1,1,0,1,1,1,0,1,1,0,0,1,1,0,1
380,29,N1,breast-w,0,0,0,0,1,0,0,0,0,1,0,0,1,0,0,1
381,39,N1,breast-w,0,1,0,0,1,0,1,0,0,1,1,0,1,1,0,0
382,49,N1,breast-w,0,1,0,0,1,0,1,0,0,0,0,0,1,1,0,1
383,59,N1,breast-w,1,1,0,0,1,0,1,0,0,0,1,1,1,1,0,1
384,69,N1,breast-w,1,1,0,1,1,0,1,1,0,1,0,0,1,1,1,1
385,79,N1,breast-w,0,0,0,0,0,0,1,0,0,0,0,0,1,0,1,1
386,89,N1,breast-w,0,1,0,0,0,0,0,0,0,0,0,0,1,0,1,1
387,99,N1,breast-w,0,0,0,1,0,0,1,1,0,1,0,0,1,1,1,1
388,109,N1,breast-w,0,1,0,0,1,0,0,1,0,1,0,0,1,0,1,1
389,119,N1,breast-w,0,1,0,0,1,0,1,1,0,1,0,0,1,1,1,1
390,129,N1,breast-w,0,0,0,0,1,0,1,1,0,0,0,0,1,0,0,1
391,139,N1,breast-w,0,0,0,0,0,0,0,1,0,0,0,0,0,0,0,1
392,149,N1,breast-w,0,0,0,0,1,0,1,1,0,0,0,0,1,0,0,1
393,159,N1,breast-w,0,1,0,0,0,0,0,1,0,0,0,0,1,0,0,1
394,169,N1,breast-w,0,1,0,0,0,0,0,0,0,0,0,0,1,0,1,1
395,179,N1,breast-w,0,1,0,0,0,0,1,1,0,0,0,0,1,0,1,1
396,189,N1,breast-w,0,1,0,1,1,0,1,1,1,1,0,1,1,1,1,1
397,199,N1,breast-w,0,1,0,1,1,0,1,1,0,1,0,0,1,0,1,1
377,average,N1,banknote_authentication,1,0,0,0,0,0,0,0,0,1,1,1,0,0,1,0
357,9,N1,banknote_authentication,0,0,1,0,0,0,0,0,0,1,0,1,0,1,0,1
358,19,N1,banknote_authentication,1,0,0,0,0,0,0,0,0,1,0,1,1,0,1,0
359,29,N1,banknote_authentication,1,1,0,0,1,0,0,0,0,1,1,1,0,0,1,1
360,39,N1,banknote_authentication,1,0,0,0,0,0,0,0,0,1,1,1,0,0,1,0
361,49,N1,banknote_authentication,1,0,1,1,0,0,0,1,0,1,1,1,0,0,1,0
362,59,N1,banknote_authentication,1,0,0,0,0,0,0,0,0,1,1,0,0,0,0,0
363,69,N1,banknote_authentication,1,1,1,0,0,0,0,1,0,1,1,1,0,0,0,0
364,79,N1,banknote_authentication,1,1,1,1,0,0,0,0,0,1,1,1,0,0,0,0
365,89,N1,banknote_authentication,1,0,0,0,0,0,0,0,0,1,1,1,1,0,1,0
366,99,N1,banknote_authentication,1,0,0,0,0,1,1,1,0,1,1,1,0,0,1,0
367,109,N1,banknote_authentication,1,0,0,1,0,1,0,0,0,1,1,1,0,0,1,0
368,119,N1,banknote_authentication,1,0,1,1,1,1,1,1,1,1,1,1,0,1,1,1
369,129,N1,banknote_authentication,1,0,1,1,1,1,1,1,1,1,1,1,1,1,1,1
370,139,N1,banknote_authentication,1,0,0,1,0,1,0,0,0,1,1,1,1,0,1,0
371,149,N1,banknote_authentication,1,0,0,1,0,1,0,0,0,1,1,1,1,0,1,1
372,159,N1,banknote_authentication,1,0,0,1,0,1,0,0,0,1,1,0,0,0,1,1
373,169,N1,banknote_authentication,1,0,1,1,0,1,0,0,1,1,1,0,1,0,1,1
374,179,N1,banknote_authentication,1,0,1,1,0,1,0,0,0,1,1,0,1,0,1,1
375,189,N1,banknote_authentication,1,0,1,1,0,1,0,0,0,1,1,0,1,0,1,1
376,199,N1,banknote_authentication,1,0,1,1,0,1,0,1,0,1,1,0,1,0,1,1
146,average,N1,Data3_,1,0,1,1,1,1,1,1,1,1,1,1,1,1,1,1
126,9,N1,Data3_,1,0,1,1,1,1,1,1,1,1,0,1,1,1,1,1
127,19,N1,Data3_,1,0,1,1,1,1,1,1,1,0,0,1,0,1,1,1
128,29,N1,Data3_,1,0,1,1,1,1,1,1,1,0,0,1,1,1,1,1
129,39,N1,Data3_,1,0,1,1,1,1,1,1,1,1,0,1,0,1,1,1
130,49,N1,Data3_,1,0,1,1,1,1,1,1,1,1,1,1,1,1,1,1
131,59,N1,Data3_,1,0,1,1,0,1,1,1,1,0,0,1,0,1,1,1
132,69,N1,Data3_,1,0,0,1,0,0,1,0,1,0,0,1,0,1,0,0
133,79,N1,Data3_,1,0,1,1,1,1,1,0,1,0,1,1,0,0,1,1
134,89,N1,Data3_,1,0,1,1,1,1,1,1,1,1,1,1,0,1,1,1
135,99,N1,Data3_,1,0,1,1,1,1,1,1,1,1,1,1,0,1,1,1
136,109,N1,Data3_,1,0,1,1,1,1,1,1,1,1,1,1,0,1,1,1
137,119,N1,Data3_,1,0,1,1,1,1,1,1,1,1,1,1,1,1,1,1
138,129,N1,Data3_,1,0,1,1,1,1,1,1,1,1,1,1,1,1,1,1
139,139,N1,Data3_,1,0,1,1,1,1,1,1,1,1,1,1,1,1,1,1
140,149,N1,Data3_,1,0,1,1,1,1,1,1,1,1,1,1,1,1,1,1
141,159,N1,Data3_,1,0,1,1,1,1,1,1,1,1,1,1,1,1,1,1
142,169,N1,Data3_,1,0,1,1,1,1,1,1,1,1,1,1,1,1,1,1
143,179,N1,Data3_,1,0,1,1,1,1,1,1,1,1,1,1,1,1,1,1
144,189,N1,Data3_,1,0,1,1,1,1,1,1,1,1,1,1,1,1,1,1
145,199,N1,Data3_,1,0,1,1,1,1,1,1,1,1,1,1,1,1,1,1
104,average,N1,Data1_,1,0,1,1,1,1,1,1,1,1,1,1,1,1,1,1
84,9,N1,Data1_,1,0,1,1,1,1,1,1,1,1,1,1,1,1,1,1
85,19,N1,Data1_,1,0,1,1,1,1,1,1,1,1,1,1,1,1,1,1
86,29,N1,Data1_,1,0,1,1,1,1,1,1,1,1,1,1,0,1,1,1
87,39,N1,Data1_,1,0,1,1,1,1,1,1,1,1,1,1,1,1,1,1
88,49,N1,Data1_,1,0,1,1,1,1,1,1,1,1,1,1,1,1,1,1
89,59,N1,Data1_,1,0,1,1,1,1,1,1,1,1,1,1,1,1,1,1
90,69,N1,Data1_,1,0,1,1,1,1,1,1,1,1,1,1,1,1,1,1
91,79,N1,Data1_,1,0,1,1,1,1,1,1,1,1,1,1,1,1,1,1
92,89,N1,Data1_,1,0,1,1,1,1,1,1,1,1,1,1,1,1,1,1
93,99,N1,Data1_,1,0,1,1,1,1,1,1,1,1,1,1,1,1,1,1
94,109,N1,Data1_,1,0,1,1,1,1,1,1,1,1,1,1,1,1,1,1
95,119,N1,Data1_,1,0,1,1,1,1,1,1,1,1,1,1,1,1,1,1
96,129,N1,Data1_,1,0,1,1,1,1,1,1,1,1,1,1,1,1,1,1
97,139,N1,Data1_,1,0,1,1,1,1,1,1,1,1,1,1,1,1,1,1
98,149,N1,Data1_,1,0,1,1,1,1,1,1,1,1,1,1,1,1,1,1
99,159,N1,Data1_,1,0,1,1,1,1,1,1,1,1,1,1,1,1,1,1
100,169,N1,Data1_,1,0,1,1,1,1,1,1,1,1,1,1,1,1,1,1
101,179,N1,Data1_,1,0,1,1,1,1,1,1,1,1,1,1,1,1,1,1
102,189,N1,Data1_,1,0,1,1,1,1,1,1,1,1,1,1,1,1,1,1
103,199,N1,Data1_,1,0,1,1,1,1,1,1,1,1,1,1,1,1,1,1
41,average,N1,Data11_,1,0,1,1,1,1,1,1,1,1,1,1,1,1,1,1
21,9,N1,Data11_,1,0,1,1,1,1,1,1,1,1,1,1,1,1,1,1
22,19,N1,Data11_,1,0,1,1,1,1,1,1,1,1,1,1,1,1,1,1
23,29,N1,Data11_,1,0,1,1,1,1,1,1,1,1,1,1,1,0,1,1
24,39,N1,Data11_,1,0,1,1,1,1,1,1,1,1,1,1,1,1,1,1
25,49,N1,Data11_,1,0,1,1,1,1,1,1,1,1,1,1,1,0,1,1
26,59,N1,Data11_,1,0,1,1,1,1,1,1,1,0,1,1,1,0,1,0
27,69,N1,Data11_,1,0,1,1,1,1,1,1,1,1,1,1,1,0,1,1
28,79,N1,Data11_,1,0,1,1,1,1,1,1,1,1,1,1,1,0,1,1
29,89,N1,Data11_,1,0,1,1,1,1,1,1,1,1,1,1,1,0,1,1
30,99,N1,Data11_,1,0,1,1,1,1,1,1,1,1,1,1,1,1,1,1
31,109,N1,Data11_,1,0,1,1,1,1,1,1,1,1,1,1,1,0,1,1
32,119,N1,Data11_,1,0,1,1,1,1,1,1,1,1,1,1,1,1,1,1
33,129,N1,Data11_,1,0,1,1,1,1,1,1,1,1,1,1,1,1,1,1
34,139,N1,Data11_,1,0,1,1,1,1,1,1,1,1,1,1,1,1,1,1
35,149,N1,Data11_,1,0,1,1,1,1,1,1,1,1,1,1,1,1,1,1
36,159,N1,Data11_,1,0,1,1,1,1,1,1,1,1,1,1,1,1,1,1
37,169,N1,Data11_,1,0,1,1,1,1,1,1,1,1,1,1,1,1,1,1
38,179,N1,Data11_,1,0,1,1,1,1,1,1,1,1,1,1,1,1,1,1
39,189,N1,Data11_,1,0,1,1,1,1,1,1,1,1,1,1,1,1,1,1
40,199,N1,Data11_,1,0,1,1,1,1,1,1,1,1,1,1,1,1,1,1
188,average,N1,Data5_,1,0,1,1,1,1,1,1,1,1,1,1,1,1,1,1
168,9,N1,Data5_,1,0,1,1,1,1,1,1,1,1,1,1,1,1,1,1
169,19,N1,Data5_,1,0,1,1,1,1,1,1,1,1,1,1,1,1,1,1
170,29,N1,Data5_,1,0,1,1,1,1,1,1,1,1,1,1,1,1,1,1
171,39,N1,Data5_,1,0,1,1,1,1,1,1,1,1,1,1,1,1,1,1
172,49,N1,Data5_,1,0,1,1,1,1,1,1,1,1,1,1,1,1,1,1
173,59,N1,Data5_,1,0,1,1,1,1,1,1,1,1,1,1,1,1,1,1
174,69,N1,Data5_,1,0,1,1,1,1,1,1,1,1,1,1,1,1,1,1
175,79,N1,Data5_,1,0,1,1,1,1,1,1,1,1,1,1,1,1,1,1
176,89,N1,Data5_,1,0,1,1,1,1,1,1,1,1,1,1,1,1,1,1
177,99,N1,Data5_,1,0,1,1,1,1,1,1,1,1,1,1,1,1,1,1
178,109,N1,Data5_,1,0,1,1,1,1,1,1,1,1,1,1,1,1,1,1
179,119,N1,Data5_,1,0,1,1,1,1,1,1,1,1,1,1,1,1,1,1
180,129,N1,Data5_,1,0,1,1,1,1,1,1,1,1,1,1,1,1,1,1
181,139,N1,Data5_,1,0,1,1,1,1,1,1,1,1,1,1,1,1,1,1
182,149,N1,Data5_,1,0,1,1,1,1,1,1,1,1,1,1,1,1,1,1
183,159,N1,Data5_,1,0,1,1,1,1,1,1,1,1,1,1,1,1,1,1
184,169,N1,Data5_,1,0,1,1,1,1,1,1,1,1,1,1,1,1,1,1
185,179,N1,Data5_,1,0,1,1,1,1,1,1,1,1,1,1,1,1,1,1
186,189,N1,Data5_,1,0,1,1,1,1,1,1,1,1,1,1,1,1,1,1
187,199,N1,Data5_,1,0,1,1,1,1,1,1,1,1,1,1,1,1,1,1
83,average,N1,Data13_,1,0,1,1,1,1,1,1,1,1,1,1,1,1,1,1
63,9,N1,Data13_,1,0,1,1,1,1,1,1,1,1,1,1,1,1,1,1
64,19,N1,Data13_,1,0,1,1,1,1,1,1,1,1,1,1,1,1,1,1
65,29,N1,Data13_,1,0,1,1,1,1,1,1,1,1,1,1,1,1,1,1
66,39,N1,Data13_,1,0,1,1,1,1,1,1,1,1,1,1,1,1,1,1
67,49,N1,Data13_,1,0,1,1,1,1,1,1,1,1,1,1,1,1,1,1
68,59,N1,Data13_,1,0,1,1,1,1,1,1,1,1,1,1,1,1,1,1
69,69,N1,Data13_,1,0,1,1,1,1,1,1,1,1,1,1,1,1,1,1
70,79,N1,Data13_,1,0,1,1,1,1,1,1,1,1,1,1,1,1,1,1
71,89,N1,Data13_,1,0,1,1,1,1,1,1,1,1,1,1,1,1,1,1
72,99,N1,Data13_,1,0,1,1,1,1,1,1,1,1,1,1,1,1,1,1
73,109,N1,Data13_,1,0,1,1,1,1,1,1,1,1,1,1,1,1,1,1
74,119,N1,Data13_,1,0,1,1,1,1,1,1,1,1,1,1,1,1,1,1
75,129,N1,Data13_,1,0,1,1,1,1,1,1,1,1,1,1,1,1,1,1
76,139,N1,Data13_,1,0,1,1,1,1,1,1,1,1,1,1,1,1,1,1
77,149,N1,Data13_,1,0,1,1,1,1,1,1,1,1,1,1,1,1,1,1
78,159,N1,Data13_,1,0,1,1,1,1,1,1,1,1,1,1,1,1,1,1
79,169,N1,Data13_,1,0,1,1,1,1,1,1,1,1,1,1,1,1,1,1
80,179,N1,Data13_,1,0,1,1,1,1,1,1,1,1,1,1,1,1,1,1
81,189,N1,Data13_,1,0,1,1,1,1,1,1,1,1,1,1,1,1,1,1
82,199,N1,Data13_,1,0,1,1,1,1,1,1,1,1,1,1,1,1,1,1
272,average,N1,Data9_,1,0,1,1,1,1,1,1,1,1,1,1,1,1,1,1
252,9,N1,Data9_,1,0,0,1,0,1,1,1,1,0,0,1,1,0,0,0
253,19,N1,Data9_,1,0,1,1,1,1,0,1,0,1,0,0,1,1,0,1
254,29,N1,Data9_,1,0,1,1,1,1,1,1,0,1,1,1,1,1,1,1
255,39,N1,Data9_,1,0,1,1,0,1,1,1,0,1,1,0,0,1,1,0
256,49,N1,Data9_,1,0,1,1,0,1,1,1,1,1,1,1,1,1,1,1
257,59,N1,Data9_,1,0,1,1,1,1,1,1,1,1,1,1,1,1,1,1
258,69,N1,Data9_,1,0,1,1,1,1,1,1,1,1,1,1,1,1,1,1
259,79,N1,Data9_,1,0,1,1,1,1,1,0,1,1,1,0,1,1,1,1
260,89,N1,Data9_,1,0,1,1,1,1,1,1,1,1,1,1,1,1,1,1
261,99,N1,Data9_,1,0,1,1,1,1,1,1,0,0,0,0,1,0,1,1
262,109,N1,Data9_,1,0,1,1,1,1,1,1,0,1,1,1,0,1,1,1
263,119,N1,Data9_,1,0,1,1,1,1,1,1,0,1,0,1,1,1,1,1
264,129,N1,Data9_,1,0,1,1,1,1,1,1,1,1,1,1,1,1,1,1
265,139,N1,Data9_,1,0,1,1,1,1,1,1,1,1,1,1,1,1,1,1
266,149,N1,Data9_,1,0,1,1,1,1,1,1,1,1,0,1,1,1,1,1
267,159,N1,Data9_,1,0,1,1,1,1,1,1,1,1,0,1,1,1,1,1
268,169,N1,Data9_,1,0,1,1,1,1,1,1,1,1,1,1,1,1,1,1
269,179,N1,Data9_,1,0,1,1,1,1,1,1,1,1,1,1,1,1,1,1
270,189,N1,Data9_,1,0,1,1,1,1,1,1,1,1,1,1,1,1,1,1
271,199,N1,Data9_,1,0,1,1,1,1,1,1,1,1,1,1,1,1,1,1
125,average,N1,Data2_,1,0,1,1,1,1,1,1,1,1,1,1,1,1,1,1
105,9,N1,Data2_,1,0,1,1,1,1,1,1,1,1,1,1,1,1,1,1
106,19,N1,Data2_,1,0,1,1,1,1,1,1,1,1,1,1,1,1,1,1
107,29,N1,Data2_,1,0,1,1,1,1,1,1,1,1,1,1,1,1,1,1
108,39,N1,Data2_,1,0,1,1,1,1,1,1,1,1,1,1,1,1,1,1
109,49,N1,Data2_,1,0,1,1,1,1,1,1,1,1,1,1,1,1,1,1
110,59,N1,Data2_,1,0,1,1,1,1,1,1,1,1,1,1,1,0,0,1
111,69,N1,Data2_,1,0,1,1,1,1,1,1,1,1,1,1,1,1,1,1
112,79,N1,Data2_,1,0,1,1,1,1,1,1,1,1,1,1,1,1,1,1
113,89,N1,Data2_,1,0,1,1,1,1,1,1,1,1,1,1,1,1,1,1
114,99,N1,Data2_,1,0,1,1,1,1,1,1,1,1,1,1,1,1,1,1
115,109,N1,Data2_,1,0,1,1,1,1,1,1,1,1,1,1,1,0,1,1
116,119,N1,Data2_,1,0,1,1,1,1,1,1,1,1,1,1,1,0,1,1
117,129,N1,Data2_,1,0,1,1,1,1,1,1,1,1,1,1,1,1,1,1
118,139,N1,Data2_,1,0,1,1,1,1,1,1,1,1,1,1,1,1,1,1
119,149,N1,Data2_,1,0,1,1,1,1,1,1,1,1,1,1,1,1,1,1
120,159,N1,Data2_,1,0,1,1,1,1,1,1,1,1,1,1,1,1,1,1
121,169,N1,Data2_,1,0,1,1,1,1,1,1,1,1,1,1,1,1,1,1
122,179,N1,Data2_,1,0,1,1,1,1,1,1,1,1,1,1,1,1,1,1
123,189,N1,Data2_,1,0,1,1,1,1,1,1,1,1,1,1,1,1,1,1
124,199,N1,Data2_,1,0,1,1,1,1,1,1,1,1,1,1,1,1,1,1
20,average,N1,Data10_,1,0,1,1,1,1,1,1,1,1,1,1,1,1,1,1
0,9,N1,Data10_,1,0,1,1,1,1,1,1,1,1,1,1,1,1,1,1
1,19,N1,Data10_,1,0,1,1,1,1,1,1,1,1,1,1,1,1,1,1
2,29,N1,Data10_,1,0,1,1,1,1,1,1,1,1,1,1,1,1,1,1
3,39,N1,Data10_,1,0,1,1,1,1,1,1,1,1,1,1,1,1,1,1
4,49,N1,Data10_,1,0,1,1,1,1,1,1,1,1,1,1,1,1,1,1
5,59,N1,Data10_,1,0,1,1,1,1,1,1,1,1,1,1,1,1,1,1
6,69,N1,Data10_,1,0,1,1,1,1,1,1,1,1,1,1,1,1,1,1
7,79,N1,Data10_,1,0,1,1,1,1,1,1,1,1,1,1,1,1,1,1
8,89,N1,Data10_,1,0,1,1,1,1,1,1,1,1,1,1,1,1,1,1
9,99,N1,Data10_,1,0,1,1,1,1,1,1,1,1,1,1,1,1,1,1
10,109,N1,Data10_,1,0,1,1,1,1,1,1,1,1,1,1,1,1,1,1
11,119,N1,Data10_,1,0,1,1,1,1,1,1,1,1,1,1,1,1,1,1
12,129,N1,Data10_,1,0,1,1,1,1,1,1,1,1,1,1,1,1,1,1
13,139,N1,Data10_,1,0,1,1,1,1,1,1,1,1,1,1,1,1,1,1
14,149,N1,Data10_,1,0,1,1,1,1,1,1,1,1,1,1,1,1,1,1
15,159,N1,Data10_,1,0,1,1,1,1,1,1,1,1,1,1,1,1,1,1
16,169,N1,Data10_,1,0,1,1,1,1,1,1,1,1,1,1,1,1,1,1
17,179,N1,Data10_,1,0,1,1,1,1,1,1,1,1,1,1,1,1,1,1
18,189,N1,Data10_,1,0,1,1,1,1,1,1,1,1,1,1,1,1,1,1
19,199,N1,Data10_,1,0,1,1,1,1,1,1,1,1,1,1,1,1,1,1
251,average,N1,Data8_,1,0,1,1,1,1,1,1,1,1,1,1,1,1,1,1
231,9,N1,Data8_,1,0,1,1,1,1,1,1,1,1,1,1,1,1,1,1
232,19,N1,Data8_,1,0,1,1,1,1,1,1,1,1,1,1,1,1,1,1
233,29,N1,Data8_,1,0,1,1,1,1,0,1,1,1,0,0,1,1,1,1
234,39,N1,Data8_,1,0,1,1,1,1,1,1,1,1,1,1,1,1,1,1
235,49,N1,Data8_,1,0,1,1,1,1,1,1,1,1,1,1,1,1,1,1
236,59,N1,Data8_,1,0,1,1,1,1,1,1,1,1,1,1,1,1,1,1
237,69,N1,Data8_,1,0,1,1,1,1,1,1,1,1,1,1,1,1,1,1
238,79,N1,Data8_,1,0,1,1,1,1,1,1,1,1,1,1,1,1,1,1
239,89,N1,Data8_,1,0,1,1,1,1,1,1,1,1,1,1,1,1,1,1
240,99,N1,Data8_,1,0,1,1,1,1,1,1,1,1,1,1,1,1,1,1
241,109,N1,Data8_,1,0,1,1,1,1,1,1,1,1,1,1,1,1,1,1
242,119,N1,Data8_,1,0,1,1,1,1,1,1,1,1,1,1,1,1,1,1
243,129,N1,Data8_,1,0,1,1,1,1,1,1,1,1,1,1,1,1,1,1
244,139,N1,Data8_,1,0,1,1,1,1,1,1,1,1,1,1,1,1,1,1
245,149,N1,Data8_,1,0,1,1,1,1,1,1,1,1,1,1,1,1,1,1
246,159,N1,Data8_,1,0,1,1,1,1,1,1,1,1,1,1,1,1,1,1
247,169,N1,Data8_,1,0,1,1,1,1,1,1,1,1,1,1,1,1,1,1
248,179,N1,Data8_,1,0,1,1,1,1,1,1,1,1,1,1,1,1,1,1
249,189,N1,Data8_,1,0,1,1,1,1,1,1,1,1,1,1,1,1,1,1
250,199,N1,Data8_,1,0,1,1,1,1,1,1,1,1,1,1,1,1,1,1
209,average,N1,Data6_,1,0,1,1,1,1,1,1,1,1,1,1,1,1,1,1
189,9,N1,Data6_,1,0,0,1,0,1,0,0,1,1,0,1,0,0,0,1
190,19,N1,Data6_,1,0,1,1,1,1,1,1,1,1,1,1,1,1,1,1
191,29,N1,Data6_,1,0,1,1,1,1,1,1,1,1,1,1,1,1,1,1
192,39,N1,Data6_,1,0,1,1,1,1,1,1,1,1,1,1,1,1,1,1
193,49,N1,Data6_,1,0,1,1,1,1,1,1,1,1,1,1,1,1,1,1
194,59,N1,Data6_,1,0,1,1,1,1,1,1,1,1,1,1,1,1,1,1
195,69,N1,Data6_,1,0,1,1,1,1,1,1,1,1,1,1,1,1,1,1
196,79,N1,Data6_,1,0,1,1,1,1,1,1,1,1,1,1,1,1,1,1
197,89,N1,Data6_,1,0,1,1,1,1,1,1,1,1,1,1,1,1,1,1
198,99,N1,Data6_,1,0,1,1,1,1,1,1,1,1,1,1,1,1,1,1
199,109,N1,Data6_,1,0,1,1,1,1,1,1,1,1,1,1,1,1,1,1
200,119,N1,Data6_,1,0,1,1,1,1,1,1,1,1,1,1,1,1,1,1
201,129,N1,Data6_,1,0,1,1,1,1,1,1,1,1,1,1,1,1,1,1
202,139,N1,Data6_,1,0,1,1,1,1,1,1,1,1,1,1,1,1,1,1
203,149,N1,Data6_,1,0,1,1,1,1,1,1,1,1,1,1,1,1,1,1
204,159,N1,Data6_,1,0,1,1,1,1,1,1,1,1,1,1,1,1,1,1
205,169,N1,Data6_,1,0,1,1,1,1,1,1,1,1,1,1,1,1,1,1
206,179,N1,Data6_,1,0,1,1,1,1,1,1,1,1,1,1,1,1,1,1
207,189,N1,Data6_,1,0,1,1,1,1,1,1,1,1,1,1,1,1,1,1
208,199,N1,Data6_,1,0,1,1,1,1,1,1,1,1,1,1,1,1,1,1
230,average,N1,Data7_,0,0,1,1,1,1,0,0,1,1,0,0,1,1,1,0
210,9,N1,Data7_,0,0,1,0,1,1,0,0,1,0,0,0,1,1,1,0
211,19,N1,Data7_,1,1,1,1,1,1,1,1,1,1,1,0,1,1,1,1
212,29,N1,Data7_,1,1,1,1,1,1,1,1,1,1,1,1,1,1,1,1
213,39,N1,Data7_,0,0,1,0,1,1,1,1,1,1,0,0,1,1,1,0
214,49,N1,Data7_,0,0,1,1,1,1,1,1,1,1,0,0,1,1,1,0
215,59,N1,Data7_,0,0,1,0,0,1,0,0,1,1,0,0,1,1,1,0
216,69,N1,Data7_,1,0,1,1,1,1,0,1,1,1,1,0,1,1,1,1
217,79,N1,Data7_,1,0,1,1,1,1,0,0,1,1,1,0,1,1,1,1
218,89,N1,Data7_,1,0,1,1,1,1,1,0,1,0,1,0,1,1,1,0
219,99,N1,Data7_,1,1,1,1,1,1,0,0,1,1,1,1,1,1,1,1
220,109,N1,Data7_,0,0,1,1,1,1,0,0,1,1,0,0,1,1,1,1
221,119,N1,Data7_,0,0,1,1,1,1,0,0,1,1,0,0,1,1,1,0
222,129,N1,Data7_,0,0,1,1,1,1,0,0,1,1,0,0,1,0,1,0
223,139,N1,Data7_,0,0,1,1,1,1,0,0,1,0,0,0,1,1,0,0
224,149,N1,Data7_,0,0,1,1,1,1,0,0,1,1,1,0,1,1,1,1
225,159,N1,Data7_,0,0,1,0,1,1,0,0,1,1,0,1,1,0,1,0
226,169,N1,Data7_,0,0,1,1,1,1,0,0,1,1,0,0,1,0,1,0
227,179,N1,Data7_,0,0,1,1,1,1,0,0,1,1,0,1,1,0,1,0
228,189,N1,Data7_,0,0,1,0,1,1,0,0,1,0,0,0,1,0,1,0
229,199,N1,Data7_,0,0,1,0,1,1,0,0,1,0,0,0,1,0,1,0
62,average,N1,Data12_,0,1,0,0,0,0,0,0,0,0,1,0,0,0,0,0
42,9,N1,Data12_,0,1,0,0,0,1,0,1,0,0,1,1,0,1,1,0
43,19,N1,Data12_,0,0,0,0,0,1,1,1,0,0,1,1,0,1,1,0
44,29,N1,Data12_,0,1,0,0,0,0,1,1,0,1,1,0,1,1,1,0
45,39,N1,Data12_,0,1,0,0,0,1,0,1,0,1,1,1,1,1,1,1
46,49,N1,Data12_,0,1,0,0,0,1,0,1,0,1,1,1,1,1,1,0
47,59,N1,Data12_,0,1,0,0,0,1,0,0,0,1,0,0,1,1,0,0
48,69,N1,Data12_,0,1,0,0,0,1,0,1,0,1,1,1,0,0,1,0
49,79,N1,Data12_,0,1,0,0,0,1,0,1,0,0,1,1,0,1,1,0
50,89,N1,Data12_,0,1,0,0,0,1,0,0,0,0,1,0,0,1,1,0
51,99,N1,Data12_,0,1,0,0,0,0,0,0,0,0,1,0,1,0,0,1
52,109,N1,Data12_,0,1,0,0,0,1,0,0,0,0,1,0,0,1,1,1
53,119,N1,Data12_,0,0,0,0,0,0,0,0,0,0,1,0,0,0,0,0
54,129,N1,Data12_,0,1,0,0,0,0,0,0,0,1,1,1,0,1,1,1
55,139,N1,Data12_,0,1,0,0,0,0,0,0,0,0,1,1,1,0,0,0
56,149,N1,Data12_,0,0,0,0,0,0,0,0,0,0,0,0,1,0,0,0
57,159,N1,Data12_,0,0,0,0,0,0,0,0,0,0,0,0,0,0,0,0
58,169,N1,Data12_,0,0,0,0,0,0,0,0,0,0,0,0,0,0,0,1
59,179,N1,Data12_,0,0,0,0,0,0,0,0,0,0,0,0,0,0,0,0
60,189,N1,Data12_,0,0,0,0,0,0,0,0,0,0,0,0,0,0,0,0
61,199,N1,Data12_,0,0,0,0,0,0,0,0,0,0,0,0,0,0,0,0
167,average,N1,Data4_,0,0,1,0,0,0,1,0,1,0,0,0,1,1,1,1
147,9,N1,Data4_,1,1,1,1,1,1,1,1,1,1,1,1,1,1,1,1
148,19,N1,Data4_,0,0,1,1,1,1,0,1,1,1,0,0,0,1,0,1
149,29,N1,Data4_,0,0,0,1,0,0,1,1,1,0,0,1,1,0,1,1
150,39,N1,Data4_,0,0,0,0,0,0,0,1,1,0,0,0,0,0,1,1
151,49,N1,Data4_,0,0,0,0,0,0,0,0,0,0,0,0,0,0,0,1
152,59,N1,Data4_,0,0,0,0,0,1,0,1,1,0,0,0,0,0,1,1
153,69,N1,Data4_,0,0,0,1,0,1,1,0,1,0,1,0,1,0,1,1
154,79,N1,Data4_,1,0,1,1,1,1,1,1,1,0,1,1,1,1,1,1
155,89,N1,Data4_,1,0,0,0,1,1,1,0,1,0,1,0,1,0,1,1
156,99,N1,Data4_,0,0,1,1,1,1,1,0,1,0,1,1,1,1,1,1
157,109,N1,Data4_,0,0,1,0,1,1,1,0,1,0,1,1,1,1,1,1
158,119,N1,Data4_,1,0,1,0,1,1,1,1,1,0,1,1,1,1,1,1
159,129,N1,Data4_,1,0,1,0,1,1,1,0,1,0,1,1,1,1,1,1
160,139,N1,Data4_,1,0,1,0,1,1,1,0,1,0,1,1,1,1,1,1
161,149,N1,Data4_,0,0,1,0,1,1,1,0,1,0,0,1,1,1,1,1
162,159,N1,Data4_,0,0,0,0,0,0,0,0,0,0,0,0,0,0,0,1
163,169,N1,Data4_,0,0,1,0,1,0,1,0,1,0,0,0,1,1,1,1
164,179,N1,Data4_,0,0,1,0,1,1,1,1,1,0,1,1,1,1,1,1
165,189,N1,Data4_,0,0,1,0,1,0,1,1,1,0,0,1,1,1,1,1
166,199,N1,Data4_,0,0,0,0,0,1,1,1,0,0,1,1,0,1,1,1
